<?xml version="1.0" encoding="UTF-8"?>
<beans xmlns="http://www.springframework.org/schema/beans"
       xmlns:xsi="http://www.w3.org/2001/XMLSchema-instance"
       xmlns:context="http://www.springframework.org/schema/context"
       xsi:schemaLocation="http://www.springframework.org/schema/beans http://www.springframework.org/schema/beans/spring-beans.xsd http://www.springframework.org/schema/context http://www.springframework.org/schema/context/spring-context.xsd">

    <!--开启注解-->
    <!--<context:annotation-config> 是用于激活那些已经在 spring 容器里注册过的 bean
    （无论是通过 xml 的方式还是通过 package sanning 的方式 ）上面的注解。-->
    <!--<context:component-scan> 除了具有<context:annotation-config>的功能之外-->
    <!--<context:component-scan> 还可以在指定的 package下扫描以及注册 javabean -->
    <context:annotation-config/>
    <context:component-scan base-package="com.xpwi.action"/>

    <!--json 消息转换器-->
    <bean class="org.springframework.web.servlet.mvc.method.annotation.RequestMappingHandlerAdapter">
        <property name="messageConverters">
            <list>
                <bean class="com.alibaba.fastjson.support.spring.FastJsonHttpMessageConverter">
                    <property name="supportedMediaTypes">
                        <list>
                            <value>text/html;charset=utf-8</value>
                            <value>application/json</value>
                        </list>
                    </property>
                </bean>
            </list>
        </property>
    </bean>

    <!--文件上传-->
    <bean id="multipartResolver" class="org.springframework.web.multipart.commons.CommonsMultipartResolver">
        <property name="defaultEncoding" value="utf-8"/>
        <property name="maxUploadSize" value="20971520"/>
    </bean>

</beans>
